sl_mult,min_return,max_holding,score,valid,label_total,label_count_-1,label_count_0,label_count_1,label_pct_-1,label_pct_0,label_pct_1,econ_sharpe,econ_n_trades
0.4,0.00015,15,23.355203027776444,True,782767,251943,255474,275350,32.18620611241915,32.637298199847464,35.176495687733386,23.355203027776444,527293.0
0.5,0.00015,15,-inf,False,782767,282532,195644,304591,36.094010094958016,24.9938998450369,38.912090060005085,,
0.6,0.00015,15,-inf,False,782767,315412,143979,323376,40.29449376378923,18.393596050932143,41.311910185278634,,
0.7,0.00015,15,-inf,False,782767,345337,103978,333452,44.11747046055851,13.283390842996704,42.5991386964448,,
0.8,0.00015,15,-inf,False,782767,369748,74741,338278,47.23602298001832,9.548307478470605,43.215669541511076,,
0.9,0.00015,15,-inf,False,782767,387962,54782,340023,49.56289674960748,6.998506579863484,43.43859667052904,,
1.0,0.00015,15,-inf,False,782767,400344,42603,339820,51.14472122611199,5.442615746448177,43.41266302743984,,
1.2,0.00015,15,-inf,False,782767,415612,30861,336294,53.09523779106682,3.9425525092396585,42.962209699693524,,
1.4,0.00015,15,-inf,False,782767,421334,29212,332221,53.826234371147486,3.7318895661160987,42.44187606273642,,
1.6,0.00015,15,-inf,False,782767,421081,33123,328563,53.79391313123829,4.231527389376404,41.974559479385306,,
1.8,0.00015,15,-inf,False,782767,417598,39776,325393,53.348953136757174,5.081461022245445,41.569585840997384,,
2.0,0.00015,15,-inf,False,782767,412183,47577,323007,52.6571764011513,6.078053878101657,41.26476972074704,,
0.4,0.0002,15,-inf,False,782767,176801,407014,198952,22.586670107452154,51.99682664189983,25.41650325064802,,
0.5,0.0002,15,23.649974813820485,True,782767,199916,349942,232909,25.5396561173376,44.70576812768039,29.754575754982003,23.649974813820485,432825.0
0.6,0.0002,15,24.38364302752665,True,782767,227373,288904,266490,29.04734103507174,36.90804543369866,34.0446135312296,24.38364302752665,493863.0
0.7,0.0002,15,23.902538982069842,True,782767,257863,233408,291496,32.94249757590701,29.81832397124559,37.2391784528474,23.902538982069842,549359.0
0.8,0.0002,15,-inf,False,782767,290115,184638,308014,37.062753028679026,23.587862033018766,39.3493849383022,,
0.9,0.0002,15,-inf,False,782767,320304,144308,318155,40.91945623665791,18.435626438007734,40.644917325334355,,
1.0,0.0002,15,-inf,False,782767,345280,113504,323983,44.11018860018371,14.500355789142874,41.38945561067342,,
1.2,0.0002,15,-inf,False,782767,379683,75063,328021,48.50523846815208,9.589443601991396,41.90531792985652,,
1.4,0.0002,15,-inf,False,782767,397328,58692,326747,50.759421385929656,7.498016651187391,41.74256196288295,,
1.6,0.0002,15,-inf,False,782767,404603,54775,323389,51.68881672323948,6.997612316308685,41.313570960451834,,
1.8,0.0002,15,-inf,False,782767,405661,57689,319417,51.82397827195066,7.369881458978214,40.80614026907113,,
2.0,0.0002,15,-inf,False,782767,402476,64524,315767,51.417088354516736,8.24306594427205,40.33984570121122,,
0.4,0.00025,15,-inf,False,782767,122455,520588,139724,15.64386337185906,66.5061250665907,17.850011561550243,,
0.5,0.00025,15,-inf,False,782767,138992,476710,167065,17.756497144105463,60.90062560123255,21.34287725466199,,
0.6,0.00025,15,-inf,False,782767,159323,424272,199172,20.35382176305337,54.20156956029061,25.444608676656017,,
0.7,0.00025,15,-inf,False,782767,182953,368399,231415,23.372600020184805,47.063685617814755,29.563714362000443,,
0.8,0.00025,15,25.531390037730624,True,782767,210070,313587,259110,26.836849279542957,40.06134647985927,33.10180424059778,25.531390037730624,469180.0
0.9,0.00025,15,26.524590690700613,True,782767,239437,263110,280220,30.58854039580105,33.612811986197684,35.798647618001276,26.524590690700613,519657.0
1.0,0.00025,15,27.19250739999611,True,782767,268951,219195,294621,34.359011046709945,28.002585699192732,37.63840325409733,27.19250739999611,563572.0
1.2,0.00025,15,-inf,False,782767,320416,152533,309818,40.93376445353471,19.486386114897535,39.57984943156776,,
1.4,0.00025,15,-inf,False,782767,355133,112569,315065,45.36892842953267,14.380907728608896,40.25016384185843,,
1.6,0.00025,15,-inf,False,782767,374121,93794,314852,47.79468219789542,11.982365122699347,40.22295267940524,,
1.8,0.00025,15,-inf,False,782767,382680,88090,311997,48.888111021542805,11.253668077473884,39.858220900983305,,
2.0,0.00025,15,-inf,False,782767,384776,89859,308132,49.155879080237156,11.479661252965442,39.364459666797394,,
0.4,0.0003,15,-inf,False,782767,82157,604938,95672,10.495715838812828,77.28200090192867,12.222283259258502,,
0.5,0.0003,15,-inf,False,782767,93652,573411,115704,11.964224347730552,73.25436560304662,14.78141004922282,,
0.6,0.0003,15,-inf,False,782767,108099,533920,140748,13.809856572901003,68.20931388267518,17.98082954442382,,
0.7,0.0003,15,-inf,False,782767,125048,488335,169384,15.975124142944196,62.38574186188227,21.63913399517353,,
0.8,0.0003,15,-inf,False,782767,145145,438669,198953,18.542554808774515,56.040814188641065,25.416631002584424,,
0.9,0.0003,15,-inf,False,782767,168152,387413,227202,21.48174360952876,49.492760936523894,29.025495453947343,,
1.0,0.0003,15,-inf,False,782767,193141,339438,250188,24.674136748227763,43.36386178773505,31.962001464037193,,
1.2,0.0003,15,26.972145473910356,True,782767,246069,256600,280098,31.435791238005688,32.781146880233834,35.783061881760474,26.972145473910356,526167.0
1.4,0.0003,15,-inf,False,782767,292986,195588,294193,37.429528838083364,24.986745736598504,37.58372542531813,,
1.6,0.0003,15,-inf,False,782767,326396,156536,299835,41.697721033206555,19.99777711630664,38.3045018504868,,
1.8,0.0003,15,-inf,False,782767,346405,136041,300321,44.25390952863368,17.379501179789134,38.366589291577185,,
2.0,0.0003,15,-inf,False,782767,356162,128666,297939,45.50038517208825,16.43733064883931,38.06228417907244,,
0.4,0.0004,15,-inf,False,782767,37405,700721,44641,4.778561181041101,89.51846462612757,5.702974192831327,,
0.5,0.0004,15,-inf,False,782767,42878,685075,54814,5.4777475289581705,87.51965782921354,7.002594641828283,,
0.6,0.0004,15,-inf,False,782767,49928,664688,68151,6.378398680578002,84.91517910182723,8.706422217594763,,
0.7,0.0004,15,-inf,False,782767,58439,639483,84845,7.465695411278197,81.69519154486584,10.839113043855962,,
0.8,0.0004,15,-inf,False,782767,68581,609360,104826,8.761355550246753,77.84691996468936,13.391724485063882,,
0.9,0.0004,15,-inf,False,782767,80716,574111,127940,10.311625298460461,73.34379195852662,16.34458274301293,,
1.0,0.0004,15,-inf,False,782767,94477,535451,152839,12.069619695260531,68.40490209730355,19.525478207435928,,
1.2,0.0004,15,-inf,False,782767,128289,454103,200375,16.389168168816518,58.012537575038294,25.598294256145188,,
1.4,0.0004,15,-inf,False,782767,168517,379242,235008,21.528373066314753,48.44889986419969,30.022727069485555,,
1.6,0.0004,15,27.178231278507155,True,782767,210245,317302,255220,26.85920586841295,40.53594492358518,32.604849208001866,27.178231278507155,465465.0
1.8,0.0004,15,28.333662354638804,True,782767,247612,270475,264680,31.632912475870857,34.553704997783505,33.81338252634564,28.333662354638804,512292.0
2.0,0.0004,15,29.147289424052595,True,782767,275376,239332,268059,35.179817238079785,30.57512644247905,34.24505631944116,29.147289424052595,543435.0
0.4,0.0005,15,-inf,False,782767,16726,745656,20385,2.136778888225998,95.2589978882605,2.6042232235135105,,
0.5,0.0005,15,-inf,False,782767,19230,738281,25256,2.4566697369715382,94.31682735731067,3.2265029057177936,,
0.6,0.0005,15,-inf,False,782767,22517,728477,31773,2.876590351918259,93.0643473728453,4.059062275236437,,
0.7,0.0005,15,-inf,False,782767,26494,716045,40228,3.384659802980964,91.4761352995208,5.139204897498234,,
0.8,0.0005,15,-inf,False,782767,31277,700432,51058,3.9956973147820483,89.48154431650798,6.522758368709974,,
0.9,0.0005,15,-inf,False,782767,37028,681432,64307,4.730398701018311,87.05425752490842,8.215343774073256,,
1.0,0.0005,15,-inf,False,782767,43907,658473,80387,5.609204271513746,84.12120081710138,10.26959491138487,,
1.2,0.0005,15,-inf,False,782767,61568,602841,118358,7.865431220273722,77.01410509129792,15.120463688428357,,
1.4,0.0005,15,-inf,False,782767,84473,540385,157909,10.791589323515172,69.03523015150103,20.17318052498381,,
1.6,0.0005,15,-inf,False,782767,111958,479574,191235,14.30285129546851,61.26650714708208,24.430641557449405,,
1.8,0.0005,15,-inf,False,782767,143136,426292,213339,18.28590116854696,54.45962847181857,27.254470359634475,,
2.0,0.0005,15,-inf,False,782767,174467,382213,226087,22.28849708789461,48.82845086724402,28.88305204486137,,
0.4,0.00015,20,23.295925533384743,True,782767,252476,254297,275994,32.254297894520334,32.48693417070469,35.25876793477497,23.295925533384743,528470.0
0.5,0.00015,20,-inf,False,782767,283215,194139,305413,36.181264667519194,24.801633180754937,39.017102151725865,,
0.6,0.00015,20,-inf,False,782767,316320,142075,324372,40.4104925220404,18.15035636402659,41.43915111393301,,
0.7,0.00015,20,-inf,False,782767,346582,101492,334693,44.276521621376475,12.965799529106361,42.75767884951716,,
0.8,0.00015,20,-inf,False,782767,371456,71498,339813,47.45422328738948,9.134007948725483,43.411768763885036,,
0.9,0.00015,20,-inf,False,782767,390353,50520,341894,49.86835162953982,6.454027826926787,43.67762054353339,,
1.0,0.00015,20,-inf,False,782767,403568,37206,341993,51.556593469065504,4.753138545697507,43.690267985236986,,
1.2,0.00015,20,-inf,False,782767,421003,22556,339208,53.783948480199086,2.881572677437858,43.334478842363055,,
1.4,0.00015,20,-inf,False,782767,429333,17608,335826,54.84812211041089,2.249456096130777,42.90242179345833,,
1.6,0.00015,20,-inf,False,782767,432106,17867,332794,55.20237823004802,2.282543847658371,42.51507792229361,,
1.8,0.00015,20,-inf,False,782767,431565,21332,329870,55.13326443245563,2.725204307284288,42.14153126026008,,
2.0,0.00015,20,-inf,False,782767,428997,26242,327528,54.805197459780494,3.35246631500817,41.842336225211334,,
0.4,0.0002,20,-inf,False,782767,177190,406114,199463,22.636365610711746,51.881849899139844,25.481784490148407,,
0.5,0.0002,20,23.596349021400886,True,782767,200415,348784,233568,25.603404333601187,44.55783138532922,29.83876428106959,23.596349021400886,433983.0
0.6,0.0002,20,24.324486021630353,True,782767,228047,287352,267368,29.133445840205326,36.7097744284059,34.15677973138878,24.324486021630353,495415.0
0.7,0.0002,20,23.839962321593834,True,782767,258783,231288,292696,33.06002935739498,29.547489866077647,37.39248077652737,23.839962321593834,551479.0
0.8,0.0002,20,-inf,False,782767,291491,181664,309612,37.2385396931654,23.20792777416524,39.553532532669365,,
0.9,0.0002,20,-inf,False,782767,322366,140206,320195,41.18288072951466,17.911587994895033,40.90553127559031,,
1.0,0.0002,20,-inf,False,782767,348238,107977,326552,44.48807882805484,13.794270836660209,41.71765033528496,,
1.2,0.0002,20,-inf,False,782767,385096,65783,331888,49.19675969988515,8.403905632199619,42.39933466791523,,
1.4,0.0002,20,-inf,False,782767,405894,44950,331923,51.85374447313185,5.742449541178921,42.40380598568923,,
1.6,0.0002,20,-inf,False,782767,416829,36120,329818,53.250711897665596,4.6143999427671325,42.13488815956728,,
1.8,0.0002,20,-inf,False,782767,421482,34602,326683,53.84514165773467,4.420472503311969,41.73438583895335,,
2.0,0.0002,20,-inf,False,782767,421684,37447,323636,53.87094754888747,4.783926762369901,41.34512568874263,,
0.4,0.00025,20,-inf,False,782767,122761,519890,140116,15.682955464397452,66.41695421498352,17.900090320619036,,
0.5,0.00025,20,-inf,False,782767,139364,475837,167566,17.80402086444625,60.78909816075537,21.406880974798376,,
0.6,0.00025,20,-inf,False,782767,159820,423103,199844,20.41731447544416,54.052227546639045,25.530457977916797,,
0.7,0.00025,20,-inf,False,782767,183645,366731,232391,23.46100436017359,46.85059538789959,29.688400251926815,,
0.8,0.00025,20,25.445189311930474,True,782767,211138,311126,260503,26.97328834761813,39.74694896437892,33.27976268800295,25.445189311930474,471641.0
0.9,0.00025,20,26.42998347710391,True,782767,241068,259576,282123,30.79690380406941,33.161336642960165,36.041759552970426,26.42998347710391,523191.0
1.0,0.00025,20,27.082184347146995,True,782767,271397,214158,297212,34.67149228314428,27.359099195546055,37.96940852130966,27.082184347146995,568609.0
1.2,0.00025,20,-inf,False,782767,325351,143282,314134,41.56422025966859,18.304552951261357,40.131226789070055,,
1.4,0.00025,20,-inf,False,782767,363466,97951,321350,46.43348531555367,12.513429922314048,41.05308476213228,,
1.6,0.00025,20,-inf,False,782767,386558,73167,323042,49.383533030901916,9.347225930577043,41.269241038521045,,
1.8,0.00025,20,-inf,False,782767,399298,61807,321662,51.011092700637604,7.8959639330733165,41.09294336628908,,
2.0,0.00025,20,-inf,False,782767,405363,58466,318938,51.78590819490346,7.469144713560996,40.744947091535536,,
0.4,0.0003,20,-inf,False,782767,82377,604406,95984,10.523821264820823,77.21403687176388,12.262141863415295,,
0.5,0.0003,20,-inf,False,782767,93923,572748,116096,11.998845122494945,73.16966606921345,14.831488808291612,,
0.6,0.0003,20,-inf,False,782767,108456,533058,141253,13.855464014195796,68.0991917134984,18.045344272305808,,
0.7,0.0003,20,-inf,False,782767,125550,487109,170108,16.039255615016984,62.2291179878559,21.731626397127116,,
0.8,0.0003,20,-inf,False,782767,145933,436784,200050,18.643223334657698,55.80000178852711,25.556774876815197,,
0.9,0.0003,20,-inf,False,782767,169351,384622,228794,21.634918181272333,49.13620528203156,29.228876536696102,,
1.0,0.0003,20,-inf,False,782767,194971,335275,252521,24.907922791839717,42.83203047650195,32.260046731658335,,
1.2,0.0003,20,26.887928043449588,True,782767,250006,248300,284461,31.93875061161239,31.72080580811404,36.340443580273565,26.887928043449588,534467.0
1.4,0.0003,20,-inf,False,782767,300357,181321,301089,38.37118836128759,23.164108859980047,38.46470277873237,,
1.6,0.0003,20,-inf,False,782767,338119,135313,309335,43.195356983623476,17.28649777008995,39.518145246286565,,
1.8,0.0003,20,-inf,False,782767,362824,107966,311977,46.35146857238489,13.792865565359808,39.85566586225531,,
2.0,0.0003,20,-inf,False,782767,376996,94419,311352,48.161969015045344,12.062210082949331,39.77582090200532,,
0.4,0.0004,20,-inf,False,782767,37554,700381,44832,4.797596219564698,89.47502896775158,5.727374812683723,,
0.5,0.0004,20,-inf,False,782767,43051,684660,55056,5.499848613955366,87.46664077560754,7.033510610437077,,
0.6,0.0004,20,-inf,False,782767,50136,664176,68455,6.404971083349195,84.84977011039044,8.745258806260356,,
0.7,0.0004,20,-inf,False,782767,58721,638753,85293,7.50172145734299,81.60193263129386,10.896345911363152,,
0.8,0.0004,20,-inf,False,782767,69013,608234,105520,8.816544386771543,77.703071284303,13.480384328925465,,
0.9,0.0004,20,-inf,False,782767,81375,572433,128959,10.395813824548046,73.12942420924745,16.4747619662045,,
1.0,0.0004,20,-inf,False,782767,95533,532785,154449,12.204525740098905,68.0643154348612,19.73115882503989,,
1.2,0.0004,20,-inf,False,782767,130592,448202,203973,16.683380878345663,57.25867339834203,26.057945723312304,,
1.4,0.0004,20,-inf,False,782767,173239,367871,241657,22.13161770999544,46.99623259539557,30.872149694608996,,
1.6,0.0004,20,27.32603845518446,True,782767,218753,298653,265361,27.946119343303945,38.153499061662025,33.90038159503403,27.32603845518446,484114.0
1.8,0.0004,20,28.530860111312283,True,782767,260874,243667,278226,33.327158656407335,31.128931086772948,35.543910256819714,28.530860111312283,539100.0
2.0,0.0004,20,29.38950652551754,True,782767,293711,204530,284526,37.522148991973346,26.12910355188709,36.34874745613957,29.38950652551754,578237.0
0.4,0.0005,20,-inf,False,782767,16814,745482,20471,2.148021058629196,95.2367690513269,2.6152098900439085,,
0.5,0.0005,20,-inf,False,782767,19336,738042,25389,2.4702114422299357,94.28629464451107,3.24349391325899,,
0.6,0.0005,20,-inf,False,782767,22641,728174,31952,2.892431592031856,93.0256385361161,4.081929871852032,,
0.7,0.0005,20,-inf,False,782767,26665,715619,40483,3.406505384105359,91.42171297461441,5.171781641280228,,
0.8,0.0005,20,-inf,False,782767,31532,699773,51462,4.028274058564043,89.39735579042039,6.5743701510155645,,
0.9,0.0005,20,-inf,False,782767,37394,680452,64921,4.777155909740702,86.92906062723645,8.29378346302284,,
1.0,0.0005,20,-inf,False,782767,44492,656923,81352,5.683939154307732,83.92318531568142,10.392875530010846,,
1.2,0.0005,20,-inf,False,782767,62836,599184,120747,8.02742067562889,76.54691625988322,15.4256630644879,,
1.4,0.0005,20,-inf,False,782767,87044,532835,162888,11.12003955199951,68.0707030316812,20.809257416319287,,
1.6,0.0005,20,-inf,False,782767,116822,466070,199875,14.924236714117994,59.541344997936804,25.534418287945197,,
1.8,0.0005,20,-inf,False,782767,151396,405013,226358,19.341132163210766,51.74119501716348,28.91767281962576,,
2.0,0.0005,20,-inf,False,782767,187139,352535,243093,23.907369625955106,45.037028898765534,31.05560147527936,,
0.4,0.00015,25,23.294282605537717,True,782767,252729,253683,276355,32.28661913442953,32.408494481755106,35.304886383815365,23.294282605537717,529084.0
0.5,0.00015,25,-inf,False,782767,283517,193407,305843,36.21984575231199,24.708118763310154,39.07203548437786,,
0.6,0.00015,25,-inf,False,782767,316707,141183,324877,40.45993252142719,18.03640163675781,41.50366584181499,,
0.7,0.00015,25,-inf,False,782767,347071,100414,335282,44.33899231827606,12.828082941667187,42.83292474005675,,
0.8,0.00015,25,-inf,False,782767,372171,70084,340512,47.54556592191546,8.953366710655915,43.50106736742862,,
0.9,0.00015,25,-inf,False,782767,391348,48749,342670,49.9954648062578,6.227779147562429,43.77675604617977,,
1.0,0.00015,25,-inf,False,782767,404877,34995,342895,51.72382075381308,4.4706790143171595,43.805500231869765,,
1.2,0.00015,25,-inf,False,782767,423246,19153,340368,54.07049607354424,2.44683283786874,43.482671088587026,,
1.4,0.00015,25,-inf,False,782767,432848,12573,337346,55.2971701668568,1.6062250963568983,43.0966047367863,,
1.6,0.00015,25,-inf,False,782767,437172,11083,334512,55.84956953985029,1.4158747111209338,42.73455574902877,,
1.8,0.00015,25,-inf,False,782767,438413,12536,331818,56.00810969292267,1.601498274710099,42.39039203236723,,
2.0,0.00015,25,-inf,False,782767,437741,15422,329604,55.92226039166188,1.9701903631604296,42.10754924517769,,
0.4,0.0002,25,-inf,False,782767,177382,405636,199749,22.66089398250054,51.82078447354066,25.518321543958805,,
0.5,0.0002,25,23.60104034453454,True,782767,200639,348201,233927,25.63202076735478,44.48335200640804,29.884627226237182,23.60104034453454,434566.0
0.6,0.0002,25,24.320447164926023,True,782767,228354,286602,267811,29.172665684680116,36.613960476105916,34.213373839213965,24.320447164926023,496165.0
0.7,0.0002,25,23.827264529462443,True,782767,259184,230334,293249,33.111257883891376,29.42561451875207,37.463127597356554,23.827264529462443,552433.0
0.8,0.0002,25,-inf,False,782767,292095,180367,310305,37.315701862750984,23.042233512654466,39.642064624594546,,
0.9,0.0002,25,-inf,False,782767,323229,138498,321040,41.29313065062784,17.693387687523874,41.01348166184829,,
1.0,0.0002,25,-inf,False,782767,349447,105726,327594,44.64253091916241,13.50670122782386,41.85076785301373,,
1.2,0.0002,25,-inf,False,782767,387323,61990,333454,49.4812632622479,7.9193425374345106,42.59939420031759,,
1.4,0.0002,25,-inf,False,782767,409628,39044,334095,52.33077020364936,4.987946604800662,42.68128319154997,,
1.6,0.0002,25,-inf,False,782767,422440,27753,332574,53.96752801280586,3.5454994909085333,42.48697249628562,,
1.8,0.0002,25,-inf,False,782767,429216,23555,329996,54.833175133852095,3.0091968619014344,42.157628004246476,,
2.0,0.0002,25,-inf,False,782767,431686,23657,327424,55.14872241676003,3.022227559414232,41.82905002382574,,
0.4,0.00025,25,-inf,False,782767,122916,519495,140356,15.702757014539447,66.36649220010553,17.93075078535503,,
0.5,0.00025,25,-inf,False,782767,139547,475360,167860,17.82739946880745,60.72816048709259,21.44444004409997,,
0.6,0.00025,25,-inf,False,782767,160061,422491,200215,20.448102692116557,53.97404336156225,25.577853946321195,,
0.7,0.00025,25,-inf,False,782767,183954,365951,232862,23.500479708521183,46.75094887750761,29.74857141397121,,
0.8,0.00025,25,25.418223594926662,True,782767,211611,310041,261115,27.03371501353532,39.60833811338495,33.35794687307973,25.418223594926662,472726.0
0.9,0.00025,25,26.380302452113575,True,782767,241757,258088,282922,30.884924888248992,32.971241761597,36.143833350154004,26.380302452113575,524679.0
1.0,0.00025,25,26.999064896305697,True,782767,272393,212082,298292,34.79873321179866,27.093886175579705,38.10738061262164,26.999064896305697,570685.0
1.2,0.00025,25,-inf,False,782767,327341,139513,315913,41.818446613104534,17.823055902969852,40.35849748392562,,
1.4,0.00025,25,-inf,False,782767,367088,91710,323969,46.89620282919439,11.716130087241797,41.38766708356382,,
1.6,0.00025,25,-inf,False,782767,392314,63835,326618,50.11887317682018,8.155044860092467,41.72608196308736,,
1.8,0.00025,25,-inf,False,782767,407485,49091,326191,52.05699780394421,6.271470309811221,41.671531886244566,,
2.0,0.00025,25,-inf,False,782767,416081,42354,324332,53.1551534492384,5.410805514284583,41.43404103647701,,
0.4,0.0003,25,-inf,False,782767,82505,604080,96182,10.540173512680017,77.1723897404975,12.28743674682249,,
0.5,0.0003,25,-inf,False,782767,94066,572367,116334,12.017113649400141,73.12099258144505,14.861893769154804,,
0.6,0.0003,25,-inf,False,782767,108640,532582,141545,13.87897037049339,68.03838179177201,18.0826478377346,,
0.7,0.0003,25,-inf,False,782767,125788,486500,170479,16.069660575880178,62.15131705858832,21.779022365531507,,
0.8,0.0003,25,-inf,False,782767,146283,435939,200545,18.687936512397687,55.69205140226913,25.620012085333183,,
0.9,0.0003,25,-inf,False,782767,169852,383430,229485,21.69892190140872,48.98392497384279,29.31715312474849,,
1.0,0.0003,25,27.61781083578593,True,782767,195716,333562,253489,25.0030979844577,42.61319140944879,32.383710606093516,27.61781083578593,449205.0
1.2,0.0003,25,26.826274227094686,True,782767,251582,244951,286234,32.14008766337876,31.292964573110517,36.566947763510726,26.826274227094686,537816.0
1.4,0.0003,25,-inf,False,782767,303533,175226,304008,38.77692851129391,22.38546080762219,38.8376106810839,,
1.6,0.0003,25,-inf,False,782767,343518,125681,313568,43.88508968824695,16.05599111868538,40.05891919306767,,
1.8,0.0003,25,-inf,False,782767,370900,94324,317543,47.38319321075109,12.050073648991335,40.56673314025757,,
2.0,0.0003,25,-inf,False,782767,387852,76669,318246,49.548844036603484,9.794613211849759,40.65654275154676,,
0.4,0.0004,25,-inf,False,782767,37645,700184,44938,4.809221645777096,89.44986183628079,5.740916517942121,,
0.5,0.0004,25,-inf,False,782767,43151,684425,55191,5.5126238075953635,87.43661907055356,7.050757121851074,,
0.6,0.0004,25,-inf,False,782767,50259,663875,68633,6.420684571526393,84.81131677753405,8.767998650939552,,
0.7,0.0004,25,-inf,False,782767,58874,638377,85516,7.5212675036121865,81.55389790320747,10.924834593180346,,
0.8,0.0004,25,-inf,False,782767,69229,607710,105828,8.844138805033937,77.63612926962941,13.519731925336659,,
0.9,0.0004,25,-inf,False,782767,81690,571653,129424,10.436055684514038,73.02977769885547,16.53416661663049,,
1.0,0.0004,25,-inf,False,782767,96015,531610,155142,12.266102173443693,67.91420690959123,19.819690916965076,,
1.2,0.0004,25,-inf,False,782767,131565,445746,205456,16.80768351246284,56.9449146425437,26.24740184499347,,
1.4,0.0004,25,-inf,False,782767,175261,363079,244427,22.389932125396193,46.384045316166876,31.226022558436927,,
1.6,0.0004,25,27.177950989754883,True,782767,222618,290272,269877,28.439880577489852,37.082810082693825,34.47730933981632,27.177950989754883,492495.0
1.8,0.0004,25,28.386787424033546,True,782767,267374,230572,284821,34.15754624300718,29.456019479615264,36.38643427737756,28.386787424033546,552195.0
2.0,0.0004,25,-inf,False,782767,303333,186217,293217,38.75137812401391,23.78958234059433,37.45903953539176,,
0.4,0.0005,25,-inf,False,782767,16868,745375,20524,2.1549196631947947,95.2230995941321,2.621980742673107,,
0.5,0.0005,25,-inf,False,782767,19401,737902,25464,2.4785153180959343,94.26840937341507,3.253075308488988,,
0.6,0.0005,25,-inf,False,782767,22718,727995,32054,2.902268491134654,93.00277093950051,4.094960569364829,,
0.7,0.0005,25,-inf,False,782767,26752,715399,40616,3.4176198025721574,91.39360754860641,5.188772648821424,,
0.8,0.0005,25,-inf,False,782767,31643,699492,51632,4.04245452350444,89.36145749629199,6.596087980203561,,
0.9,0.0005,25,-inf,False,782767,37547,680033,65187,4.7967019560098985,86.87553256588487,8.327765478105235,,
1.0,0.0005,25,-inf,False,782767,44748,656241,81778,5.716643650026125,83.83605849505665,10.447297854917235,,
1.2,0.0005,25,-inf,False,782767,63354,597696,121717,8.093596178684079,76.35682137852004,15.549582442795876,,
1.4,0.0005,25,-inf,False,782767,88219,529615,164933,11.270148077269482,67.65934179647329,21.07051012625724,,
1.6,0.0005,25,-inf,False,782767,119126,459906,203735,15.218577175583539,58.75388206196735,26.027540762449107,,
1.8,0.0005,25,-inf,False,782767,155519,394560,232688,19.867853396987865,50.40580402597452,29.726342577037613,,
2.0,0.0005,25,-inf,False,782767,193896,336781,252090,24.770589460209745,43.02442489272031,32.20498564706995,,
0.4,0.00015,30,23.29296051283392,True,782767,252925,253250,276592,32.31165851396393,32.35317789329392,35.335163592742155,23.29296051283392,529517.0
0.5,0.00015,30,-inf,False,782767,283736,192911,306120,36.24782342638358,24.644753802855767,39.10742277076065,,
0.6,0.00015,30,-inf,False,782767,316964,140612,325191,40.49276476908199,17.963455281073422,41.54377994984459,,
0.7,0.00015,30,-inf,False,782767,347385,99757,335625,44.37910642630566,12.744149919452404,42.87674365424194,,
0.8,0.00015,30,-inf,False,782767,372580,69280,340907,47.59781646390305,8.850654153790336,43.55152938230661,,
0.9,0.00015,30,-inf,False,782767,391879,47780,343108,50.06330108448619,6.103987521190852,43.832711394322956,,
1.0,0.00015,30,-inf,False,782767,405541,33840,343386,51.808648039582664,4.323125527775187,43.86822643264215,,
1.2,0.00015,30,-inf,False,782767,424263,17537,340967,54.20041979286301,2.2403857086463788,43.55919449849061,,
1.4,0.00015,30,-inf,False,782767,434416,10248,338103,55.497485203131966,1.309201844226954,43.19331295264108,,
1.6,0.00015,30,-inf,False,782767,439508,7799,335460,56.147998063280646,0.9963373519834127,42.85566458473594,,
1.8,0.00015,30,-inf,False,782767,441750,8065,332952,56.4344179046894,1.0303193670658062,42.5352627282448,,
2.0,0.00015,30,-inf,False,782767,442278,9647,330842,56.50187092710858,1.2324229304505683,42.265706142440855,,
0.4,0.0002,30,-inf,False,782767,177521,405312,199934,22.678651501660134,51.77939284614707,25.5419556521928,,
0.5,0.0002,30,23.608395573364422,True,782767,200793,347838,234136,25.65169456556038,44.43697805349485,29.911327380944776,23.608395573364422,434929.0
0.6,0.0002,30,24.327522099905153,True,782767,228536,286175,268056,29.19591653710491,36.55941039926313,34.244673063631964,24.327522099905153,496592.0
0.7,0.0002,30,23.83059498529026,True,782767,259419,229804,293544,33.14127958894537,29.357905992460083,37.50081441859455,23.83059498529026,552963.0
0.8,0.0002,30,-inf,False,782767,292422,179675,310670,37.357476745953775,22.953829172665685,39.68869408138054,,
0.9,0.0002,30,-inf,False,782767,323669,137619,321479,41.349341502643824,17.581093735428293,41.06956476192788,,
1.0,0.0002,30,-inf,False,782767,350031,104635,328101,44.71713805002,13.367323865211485,41.91553808476852,,
1.2,0.0002,30,-inf,False,782767,388311,60266,334190,49.60748217541107,7.699098199080953,42.69341962550797,,
1.4,0.0002,30,-inf,False,782767,411254,36415,335098,52.538494852235715,4.6520867640051256,42.80941838375915,,
1.6,0.0002,30,-inf,False,782767,425000,23825,333942,54.294572969989794,3.0436898847294276,42.66173714528078,,
1.8,0.0002,30,-inf,False,782767,433013,17989,331765,55.3182492363628,2.298129583899168,42.38362117973803,,
2.0,0.0002,30,-inf,False,782767,436924,16365,329478,55.817887059623104,2.090660439185607,42.091452501191284,,
0.4,0.00025,30,-inf,False,782767,123033,519208,140526,15.717703991098245,66.32982739435873,17.952468614543022,,
0.5,0.00025,30,-inf,False,782767,139679,475035,168053,17.844262724412246,60.6866411077626,21.469096167825164,,
0.6,0.00025,30,-inf,False,782767,160214,422107,200446,20.46764873838575,53.92498661798466,25.607364643629587,,
0.7,0.00025,30,-inf,False,782767,184143,365483,233141,23.52462482450078,46.691160971272424,29.7842142042268,,
0.8,0.00025,30,25.420577603079156,True,782767,211877,309422,261468,27.067697028617708,39.52925966475337,33.40304330662892,25.420577603079156,473345.0
0.9,0.00025,30,26.35770614458411,True,782767,242119,257278,283370,30.931171089225785,32.86776269311302,36.20106621766119,26.35770614458411,525489.0
1.0,0.00025,30,26.957650518243685,True,782767,272883,211036,298848,34.86133166063465,26.96025765010533,38.17841068926002,26.957650518243685,571731.0
1.2,0.00025,30,-inf,False,782767,328251,137783,316733,41.934700875228515,17.60204505299789,40.46325407177359,,
1.4,0.00025,30,-inf,False,782767,368711,88866,325190,47.103544221971546,11.352803580120266,41.54365219790819,,
1.6,0.00025,30,-inf,False,782767,394961,59442,328364,50.45703255247091,7.593830603487373,41.94913684404171,,
1.8,0.00025,30,-inf,False,782767,411537,42720,328510,52.574648650236924,5.4575627230069745,41.96778862675611,,
2.0,0.00025,30,-inf,False,782767,421760,33819,327188,53.880656696053876,4.320442737110787,41.79890056683534,,
0.4,0.0003,30,-inf,False,782767,82592,603842,96333,10.551287931146817,77.1419847796343,12.306727289218887,,
0.5,0.0003,30,-inf,False,782767,94160,572111,116496,12.029122331421739,73.08828808572666,14.882589582851601,,
0.6,0.0003,30,-inf,False,782767,108746,532282,141739,13.892512075751789,68.00005621085201,18.107431713396196,,
0.7,0.0003,30,-inf,False,782767,125921,486135,170711,16.08665158342138,62.104687601802326,21.8086608147763,,
0.8,0.0003,30,-inf,False,782767,146467,435459,200841,18.711442868695283,55.63073047279714,25.657826658507577,,
0.9,0.0003,30,-inf,False,782767,170100,382803,229864,21.730604381635914,48.90382450972,29.36557110864408,,
1.0,0.0003,30,27.575429278703286,True,782767,196071,332721,253975,25.04844992187969,42.505752030936414,32.4457980471839,27.575429278703286,450046.0
1.2,0.0003,30,26.762009359105,True,782767,252295,243395,287077,32.23117479403194,31.094182560072152,36.67464264589591,26.762009359105,539372.0
1.4,0.0003,30,-inf,False,782767,304954,172433,305380,38.95846401291828,22.02864964925706,39.01288633782467,,
1.6,0.0003,30,-inf,False,782767,345993,121190,315584,44.20127573083689,15.482257172313089,40.316467096850026,,
1.8,0.0003,30,-inf,False,782767,374883,87583,320301,47.8920291734322,11.188897845719097,40.91907298084871,,
2.0,0.0003,30,-inf,False,782767,393556,67425,321786,50.27754108182895,8.613674311768381,41.10878460640267,,
0.4,0.0004,30,-inf,False,782767,37718,700001,45048,4.818547537134294,89.42648323191959,5.754969230946118,,
0.5,0.0004,30,-inf,False,782767,43228,684235,55304,5.522460706698162,87.41234620263756,7.065193090664272,,
0.6,0.0004,30,-inf,False,782767,50340,663661,68766,6.431032478374791,84.78397786314446,8.784989658480749,,
0.7,0.0004,30,-inf,False,782767,58971,638120,85676,7.533659441442983,81.52106565555268,10.945274903004343,,
0.8,0.0004,30,-inf,False,782767,69357,607383,106027,8.860491052893133,77.59435438642662,13.545154560680253,,
0.9,0.0004,30,-inf,False,782767,81862,571216,129689,10.458029017574834,72.97395010264867,16.568020879776483,,
1.0,0.0004,30,-inf,False,782767,96263,531007,155497,12.297784653670888,67.83717249194204,19.865042854387067,,
1.2,0.0004,30,-inf,False,782767,132000,444660,206107,16.86325560479683,56.80617603961332,26.33056835558985,,
1.4,0.0004,30,-inf,False,782767,176212,360853,245702,22.511424216912566,46.09966950574053,31.3889062773469,,
1.6,0.0004,30,27.123513165998848,True,782767,224457,286253,272057,28.67481638852941,36.56937505030233,34.755808561168266,27.123513165998848,496514.0
1.8,0.0004,30,28.333117250637724,True,782767,270707,223928,288132,34.5833434470283,28.60723561417382,36.809420938797885,28.333117250637724,558839.0
2.0,0.0004,30,-inf,False,782767,308504,176444,297819,39.411983387138186,22.541062666157362,38.04695394670445,,
0.4,0.0005,30,-inf,False,782767,16910,745262,20595,2.160285244523594,95.2086636253189,2.6310511301575055,,
0.5,0.0005,30,-inf,False,782767,19445,737790,25532,2.484136403297533,94.25410115653828,3.261762440164187,,
0.6,0.0005,30,-inf,False,782767,22763,727873,32131,2.9080173282726536,92.98718520325971,4.104797468467628,,
0.7,0.0005,30,-inf,False,782767,26809,715249,40709,3.424901662946956,91.37444475814642,5.200653578906622,,
0.8,0.0005,30,-inf,False,782767,31708,699314,51745,4.050758399370438,89.33871765161281,6.610523949016757,,
0.9,0.0005,30,-inf,False,782767,37632,679794,65341,4.807560870603896,86.84499985308527,8.34743927631083,,
1.0,0.0005,30,-inf,False,782767,44874,655911,81982,5.732740394012522,83.79390035604465,10.473359249942831,,
1.2,0.0005,30,-inf,False,782767,63591,597024,122152,8.123873387610873,76.27097207725926,15.605154535129866,,
1.4,0.0005,30,-inf,False,782767,88788,528058,165921,11.342838929081067,67.46043203149851,21.196729039420415,,
1.6,0.0005,30,-inf,False,782767,120233,456904,205630,15.359998569178313,58.37037074889463,26.269630681927058,,
1.8,0.0005,30,-inf,False,782767,157710,389176,235881,20.14775788964021,49.71798760039705,30.134254509962734,,
2.0,0.0005,30,29.880313810328488,True,782767,197591,328329,256847,25.242632865207653,41.94466552626771,32.812701608524634,29.880313810328488,454438.0
0.4,0.00015,40,23.288382608931226,True,782767,253083,252860,276824,32.33184331991512,32.30335463809793,35.364802041986955,23.288382608931226,529907.0
0.5,0.00015,40,-inf,False,782767,283926,192457,306384,36.27209629429958,24.586754423730177,39.141149281970236,,
0.6,0.00015,40,-inf,False,782767,317195,140090,325482,40.52227546639038,17.896768770272637,41.58095576333699,,
0.7,0.00015,40,-inf,False,782767,347686,99117,335964,44.41755975916205,12.66238868015642,42.920051560681536,,
0.8,0.00015,40,-inf,False,782767,372962,68540,341265,47.64661770360784,8.756117720854354,43.5972645755378,,
0.9,0.00015,40,-inf,False,782767,392340,46934,343493,50.12219472716658,5.995909382996473,43.881895889836954,,
1.0,0.00015,40,-inf,False,782767,406108,32835,343824,51.88108338752144,4.194734831693212,43.92418178078535,,
1.2,0.00015,40,-inf,False,782767,425109,16170,341488,54.30849793105739,2.0657488115876115,43.625753257355,,
1.4,0.00015,40,-inf,False,782767,435637,8386,338744,55.65347031747634,1.0713277386501985,43.27520194387346,,
1.6,0.00015,40,-inf,False,782767,441386,5181,336200,56.38791619983979,0.6618827824882756,42.95020101767192,,
1.8,0.00015,40,-inf,False,782767,444581,4375,333811,56.79608363663772,0.558914721749895,42.64500164161238,,
2.0,0.00015,40,-inf,False,782767,446342,4594,331831,57.02105479663808,0.5868923958214897,42.39205280754043,,
0.4,0.0002,40,-inf,False,782767,177623,405039,200105,22.691682199172934,51.74451656750987,25.563801233317196,,
0.5,0.0002,40,23.603846931123687,True,782767,200922,347517,234328,25.668174565355972,44.39596968191045,29.93585575273357,23.603846931123687,435250.0
0.6,0.0002,40,24.32040634847963,True,782767,228699,285775,268293,29.216740102738108,36.50830962470314,34.274950272558755,24.32040634847963,496992.0
0.7,0.0002,40,23.821148125169678,True,782767,259634,229290,293843,33.168746255271365,29.292241497150496,37.53901224757814,23.821148125169678,553477.0
0.8,0.0002,40,-inf,False,782767,292699,179056,311012,37.39286403233657,22.874750724034097,39.73238524362933,,
0.9,0.0002,40,-inf,False,782767,324038,136855,321874,41.39648196717542,17.483491256018713,41.120026776805865,,
1.0,0.0002,40,-inf,False,782767,350501,103687,328579,44.77718146012798,13.24621502950431,41.97660351036771,,
1.2,0.0002,40,-inf,False,782767,389097,58863,334807,49.70789519742145,7.519862232311786,42.77224257026676,,
1.4,0.0002,40,-inf,False,782767,412504,34332,335931,52.69818477273569,4.385979480483975,42.91583574678033,,
1.6,0.0002,40,-inf,False,782767,427034,20704,335029,54.554420408627344,2.644976091225103,42.80060350014755,,
1.8,0.0002,40,-inf,False,782767,436162,13469,333136,55.72054008408632,1.7206908313712763,42.5587690845424,,
2.0,0.0002,40,-inf,False,782767,441510,10065,331192,56.403757439953395,1.2858232398657583,42.31041932018085,,
0.4,0.00025,40,-inf,False,782767,123114,518970,140683,15.728051897946644,66.29942243349554,17.97252566855782,,
0.5,0.00025,40,-inf,False,782767,139775,474768,168224,17.856526910306645,60.6525313407438,21.49094174894956,,
0.6,0.00025,40,-inf,False,782767,160339,421769,200659,20.48361773043575,53.881806463481475,25.634575806082783,,
0.7,0.00025,40,-inf,False,782767,184310,365068,233389,23.545959397879574,46.63814391766643,29.815896684453996,,
0.8,0.00025,40,25.407652142082387,True,782767,212086,308925,261756,27.09439718332531,39.46576695236258,33.43983586431211,25.407652142082387,473842.0
0.9,0.00025,40,26.342826702615607,True,782767,242390,256638,283739,30.965791863990177,32.786001453817036,36.24820668219279,26.342826702615607,526129.0
1.0,0.00025,40,26.93221087441473,True,782767,273252,210204,299311,34.908472125166234,26.853968039020554,38.237559835813215,26.93221087441473,572563.0
1.2,0.00025,40,-inf,False,782767,328956,136424,317387,42.0247659903905,17.428430171430325,40.54680383817918,,
1.4,0.00025,40,-inf,False,782767,369896,86702,326169,47.25493026660551,11.076348389750718,41.66872134364377,,
1.6,0.00025,40,-inf,False,782767,396990,56046,329731,50.716241231426466,7.159985027473054,42.12377374110048,,
1.8,0.00025,40,-inf,False,782767,414762,37677,330328,52.98664864512684,4.813309707741896,42.200041647131265,,
2.0,0.00025,40,-inf,False,782767,426616,26587,329564,54.50102009921215,3.3965407330661614,42.102439167721684,,
0.4,0.0003,40,-inf,False,782767,82654,603632,96481,10.559208551203616,77.1151568729903,12.325634575806083,,
0.5,0.0003,40,-inf,False,782767,94237,571873,116657,12.038959230524537,73.05788312486347,14.903157644611998,,
0.6,0.0003,40,-inf,False,782767,108845,531997,141925,13.905159517455386,67.96364690897802,18.13119357356659,,
0.7,0.0003,40,-inf,False,782767,126052,485783,170932,16.103387087089775,62.05971892018953,21.836893992720693,,
0.8,0.0003,40,-inf,False,782767,146627,435045,201095,18.73188317851928,55.57784117112755,25.690275650353172,,
0.9,0.0003,40,-inf,False,782767,170306,382276,230185,21.75692128053431,48.83649923923722,29.406579480228473,,
1.0,0.0003,40,27.551616740515133,True,782767,196356,331999,254412,25.084859223753686,42.41351513285563,32.50162564339069,27.551616740515133,450768.0
1.2,0.0003,40,26.704166318091016,True,782767,252862,242134,287771,32.30361014197073,30.933087368271785,36.763302489757486,26.704166318091016,540633.0
1.4,0.0003,40,-inf,False,782767,305979,170316,306472,39.08940974772825,21.75819879989831,39.15239145237344,,
1.6,0.0003,40,-inf,False,782767,347909,117699,317159,44.44604844097925,15.036275162340774,40.51767639667998,,
1.8,0.0003,40,-inf,False,782767,378082,82177,322508,48.30070761797572,10.498270877540826,41.20102150448346,,
2.0,0.0003,40,-inf,False,782767,398544,59422,324801,50.914767740592026,7.591275564759373,41.493956694648595,,
0.4,0.0004,40,-inf,False,782767,37769,699821,45177,4.825062885890693,89.40348788336759,5.771449230741714,,
0.5,0.0004,40,-inf,False,782767,43287,684031,55449,5.52999807094576,87.38628480761197,7.083717121442268,,
0.6,0.0004,40,-inf,False,782767,50412,663427,68928,6.4402306177955895,84.75408391002686,8.805685472177545,,
0.7,0.0004,40,-inf,False,782767,59056,637849,85862,7.544518356036982,81.48644488078828,10.969036763174737,,
0.8,0.0004,40,-inf,False,782767,69461,607068,106238,8.873777254278732,77.55411252646061,13.572110219260649,,
0.9,0.0004,40,-inf,False,782767,82008,570813,129946,10.47668080028923,72.92246607227949,16.60085312743128,,
1.0,0.0004,40,-inf,False,782767,96466,530452,155849,12.323718296760083,67.76627016724007,19.910011535999857,,
1.2,0.0004,40,-inf,False,782767,132374,443704,206689,16.911034829010422,56.68404518841494,26.404919982574636,,
1.4,0.0004,40,-inf,False,782767,176937,359115,246715,22.60404437080255,45.87763664027737,31.518318988920075,,
1.6,0.0004,40,26.9752949181866,True,782767,225925,283020,273822,28.862356231164576,36.1563530399212,34.981290728914225,26.9752949181866,499747.0
1.8,0.0004,40,28.143440600278577,True,782767,273403,218499,290865,34.92776266756263,27.913670351458354,37.15856698097901,28.143440600278577,564268.0
2.0,0.0004,40,-inf,False,782767,313070,167863,301834,39.99529872874048,21.444823299909167,38.559877971350346,,
0.4,0.0005,40,-inf,False,782767,16934,745150,20683,2.163351290997193,95.1943554084421,2.642293300560703,,
0.5,0.0005,40,-inf,False,782767,19476,737663,25628,2.488096713325932,94.23787666061548,3.274026626058584,,
0.6,0.0005,40,-inf,False,782767,22808,727720,32239,2.913766165410652,92.96763915699053,4.118594677598826,,
0.7,0.0005,40,-inf,False,782767,26861,715076,40830,3.431544763639755,91.35234367314922,5.216111563211019,,
0.8,0.0005,40,-inf,False,782767,31766,699109,51892,4.058168011681637,89.31252850465081,6.629303483667553,,
0.9,0.0005,40,-inf,False,782767,37705,679550,65512,4.816886761961094,86.81382838060368,8.369284857435225,,
1.0,0.0005,40,-inf,False,782767,44973,655576,82218,5.745387835716119,83.75110345735065,10.503508706933225,,
1.2,0.0005,40,-inf,False,782767,63798,596403,122566,8.150318038445668,76.19163812475487,15.658043836799457,,
1.4,0.0005,40,-inf,False,782767,89213,526832,166722,11.397133502051057,67.30380815747215,21.299058340476794,,
1.6,0.0005,40,-inf,False,782767,121127,454426,207214,15.474208800319891,58.05380145049549,26.471989749184623,,
1.8,0.0005,40,-inf,False,782767,159495,384568,238704,20.375795096114167,49.12930667746596,30.494898226419863,,
2.0,0.0005,40,29.644560959304943,True,782767,200943,320576,261248,25.67085735602037,40.954204763358696,33.37493788062093,29.644560959304943,462191.0
0.4,0.00015,50,23.273921621596955,True,782767,253164,252721,276882,32.34219122676352,32.285597118938334,35.372211654298155,23.273921621596955,530046.0
0.5,0.00015,50,-inf,False,782767,284018,192303,306446,36.283849472448374,24.567080625524582,39.14906990202704,,
0.6,0.00015,50,-inf,False,782767,317339,139861,325567,40.540671745231975,17.86751357683704,41.591814677930984,,
0.7,0.00015,50,-inf,False,782767,347855,98845,336067,44.43914983641364,12.627640153455626,42.93321001013073,,
0.8,0.00015,50,-inf,False,782767,373157,68232,341378,47.67152933120584,8.716770124443162,43.611700544351,,
0.9,0.00015,50,-inf,False,782767,392571,46573,343623,50.15170542447497,5.9497909339560815,43.89850364156895,,
1.0,0.00015,50,-inf,False,782767,406360,32441,343966,51.91327687549424,4.144400568751621,43.94232255575414,,
1.2,0.00015,50,-inf,False,782767,425434,15668,341665,54.35001731038738,2.0016173395148233,43.6483653500978,,
1.4,0.00015,50,-inf,False,782767,436066,7734,338967,55.70827589819193,0.9880334761174142,43.30369062569066,,
1.6,0.00015,50,-inf,False,782767,442050,4215,336502,56.47274348560938,0.5384744119258987,42.98878210246472,,
1.8,0.00015,50,-inf,False,782767,445588,3030,334149,56.924729836592505,0.38708836729192725,42.68818179611558,,
2.0,0.00015,50,-inf,False,782767,447849,2779,332139,57.21357696479284,0.35502263125553324,42.43140040395163,,
0.4,0.0002,50,-inf,False,782767,177667,404950,200150,22.697303284374534,51.73314664517027,25.569550070455193,,
0.5,0.0002,50,23.583423136179828,True,782767,200975,347421,234371,25.674945417985175,44.383705496016056,29.94134908599877,23.583423136179828,435346.0
0.6,0.0002,50,24.29085172685317,True,782767,228773,285624,268370,29.226193746031704,36.48901908230674,34.284787171661556,24.29085172685317,497143.0
0.7,0.0002,50,23.79855419771493,True,782767,259718,229108,293941,33.17947741792896,29.268990644725694,37.55153193734534,23.79855419771493,553659.0
0.8,0.0002,50,-inf,False,782767,292815,178824,311128,37.40768325695897,22.845112274789305,39.74720446825173,,
0.9,0.0002,50,-inf,False,782767,324193,136566,322008,41.41628351731742,17.44657094639912,41.13714553628346,,
1.0,0.0002,50,-inf,False,782767,350690,103339,328738,44.80132657610758,13.201757355637117,41.9969160682553,,
1.2,0.0002,50,-inf,False,782767,389375,58371,335021,49.74341023574065,7.457008279602998,42.79958148465635,,
1.4,0.0002,50,-inf,False,782767,412900,33646,336221,52.748774539550084,4.298341652113591,42.952883808336324,,
1.6,0.0002,50,-inf,False,782767,427710,19642,335415,54.64078071763373,2.509303534768328,42.84991574759795,,
1.8,0.0002,50,-inf,False,782767,437227,11920,333620,55.8565958963523,1.5228030818877136,42.62060102175999,,
2.0,0.0002,50,-inf,False,782767,443157,7865,331745,56.614164879204154,1.004768979785811,42.38106614101003,,
0.4,0.00025,50,-inf,False,782767,123146,518890,140731,15.732139959911443,66.28920227858353,17.97865776150502,,
0.5,0.00025,50,-inf,False,782767,139813,474687,168267,17.861381483889843,60.642183433895404,21.49643508221476,,
0.6,0.00025,50,-inf,False,782767,160382,421662,200723,20.48911106370095,53.86813700628667,25.64275193001238,,
0.7,0.00025,50,-inf,False,782767,184359,364940,233468,23.552219242763172,46.62179166980723,29.825989087429594,,
0.8,0.00025,50,25.383988017224095,True,782767,212163,308739,261865,27.104234082428103,39.44200509219218,33.45376082537971,25.383988017224095,474028.0
0.9,0.00025,50,26.312906418978645,True,782767,242502,256397,283868,30.980100080866972,32.755213237144645,36.26468668198839,26.312906418978645,526370.0
1.0,0.00025,50,26.90338571522513,True,782767,273395,209909,299463,34.92674065207144,26.816281217782556,38.25697813014601,26.90338571522513,572858.0
1.2,0.00025,50,-inf,False,782767,329185,135959,317623,42.054021183826094,17.369025521004335,40.576953295169574,,
1.4,0.00025,50,-inf,False,782767,370242,86019,326506,47.299132436599905,10.989093817189534,41.711773746210554,,
1.6,0.00025,50,-inf,False,782767,397622,54942,330203,50.79698045523126,7.01894688968748,42.184072655081266,,
1.8,0.00025,50,-inf,False,782767,415828,35963,330976,53.12283220932922,4.594342888752336,42.28282490191845,,
2.0,0.00025,50,-inf,False,782767,428319,24084,330364,54.71858164690131,3.0767776362570216,42.204640716841666,,
0.4,0.0003,50,-inf,False,782767,82671,603565,96531,10.561380334122413,77.1065974932515,12.33202217262608,,
0.5,0.0003,50,-inf,False,782767,94260,571803,116704,12.041897525061735,73.04894048931546,14.909161985622795,,
0.6,0.0003,50,-inf,False,782767,108869,531913,141985,13.908225563928985,67.95291574632043,18.138858689750588,,
0.7,0.0003,50,-inf,False,782767,126077,485688,171002,16.10658088549977,62.04758248623153,21.845836628268692,,
0.8,0.0003,50,-inf,False,782767,146666,434910,201191,18.736865504038878,55.56059465971356,25.702539836247567,,
0.9,0.0003,50,-inf,False,782767,170367,382093,230307,21.764714148654708,48.81312063487602,29.42216521646927,,
1.0,0.0003,50,27.522825019890885,True,782767,196446,331752,254569,25.096356898029683,42.381960404564836,32.52168269740549,27.522825019890885,451015.0
1.2,0.0003,50,26.675962264225493,True,782767,253030,241700,288037,32.32507246728592,30.877643027874196,36.79728450483989,26.675962264225493,541067.0
1.4,0.0003,50,-inf,False,782767,306272,169652,306843,39.126841065093444,21.673371514128725,39.19978742077783,,
1.6,0.0003,50,-inf,False,782767,348472,116598,317697,44.51797278117243,14.8956202803644,40.58640693846317,,
1.8,0.0003,50,-inf,False,782767,379085,80376,323306,48.4288428101849,10.26818964008447,41.30296754973063,,
2.0,0.0003,50,-inf,False,782767,400197,56702,325868,51.125941691461186,7.243790297751438,41.630268010787375,,
0.4,0.0004,50,-inf,False,782767,37779,699755,45233,4.826340405254693,89.3950562555652,5.778603339180114,,
0.5,0.0004,50,-inf,False,782767,43303,683956,55508,5.53204210192816,87.37670341238197,7.091254485689867,,
0.6,0.0004,50,-inf,False,782767,50427,663344,68996,6.442146896841589,84.74348049930566,8.814372603852743,,
0.7,0.0004,50,-inf,False,782767,59071,637759,85937,7.546434635082981,81.47494720651228,10.978618158404736,,
0.8,0.0004,50,-inf,False,782767,69481,606956,106330,8.876332293006731,77.53980430958383,13.583863397409445,,
0.9,0.0004,50,-inf,False,782767,82038,570676,130053,10.48051335838123,72.9049640569927,16.614522584626076,,
1.0,0.0004,50,-inf,False,782767,96514,530278,155975,12.329850389707282,67.74404133030646,19.926108279986256,,
1.2,0.0004,50,-inf,False,782767,132450,443422,206895,16.92074397617682,56.64801914235015,26.43123688147303,,
1.4,0.0004,50,-inf,False,782767,177093,358644,247030,22.623973672880947,45.81746547823299,31.55856084888607,,
1.6,0.0004,50,26.91528050338435,True,782767,226302,282108,274357,28.910518711187365,36.039843273924426,35.04963801488821,26.91528050338435,500659.0
1.8,0.0004,50,28.030536427830306,True,782767,274192,216831,291744,35.028558945382215,27.700580121543194,37.270860933074594,28.030536427830306,565936.0
2.0,0.0004,50,-inf,False,782767,314527,165139,303101,40.18143330007525,21.096827025155633,38.72173967476912,,
0.4,0.0005,50,-inf,False,782767,16948,745091,20728,2.165139818106793,95.18681804419451,2.648042137698702,,
0.5,0.0005,50,-inf,False,782767,19496,737590,25681,2.4906517520539317,94.22855076925829,3.280797478687783,,
0.6,0.0005,50,-inf,False,782767,22827,727637,32303,2.9161934522022515,92.95703574626933,4.126770801528424,,
0.7,0.0005,50,-inf,False,782767,26875,714989,40903,3.4333332907493546,91.34122925468243,5.225437454568218,,
0.8,0.0005,50,-inf,False,782767,31785,699006,51976,4.0605952984732365,89.2993700552016,6.640034646325152,,
0.9,0.0005,50,-inf,False,782767,37727,679430,65610,4.819697304561894,86.79849814823568,8.381804547202425,,
1.0,0.0005,50,-inf,False,782767,45006,655432,82329,5.7496036496173195,83.73270717850906,10.517689171873624,,
1.2,0.0005,50,-inf,False,782767,63859,596166,122742,8.158110906566066,76.16136091582808,15.68052817760585,,
1.4,0.0005,50,-inf,False,782767,89326,526456,166985,11.411569470864254,67.25577342938575,21.332657099749987,,
1.6,0.0005,50,-inf,False,782767,121367,453675,207725,15.504869265055884,57.957859746259096,26.537270988685012,,
1.8,0.0005,50,-inf,False,782767,160038,383154,239575,20.445164397579358,48.9486654393964,30.60617016302424,,
2.0,0.0005,50,29.50692216208619,True,782767,202021,318106,262640,25.80857394345955,40.63865748045076,33.55276857608969,29.50692216208619,464661.0
