trial,sl_mult,min_return,max_holding,sharpe_per_trade,total_return_pct,win_rate,n_trades,valid,label_total,label_count_-1,label_count_0,label_count_1,label_pct_-1,label_pct_0,label_pct_1
0,1.1239882614641976,0.0009556428757689245,47,,,,,False,794141,59512,622215,112414,7.493883328023614,78.35069590916474,14.15542076281164
1,1.6170486652334806,0.00024041677639819286,17,,,,,False,794141,441986,16700,335455,55.65585960175837,2.1029011220929283,42.2412392761487
2,0.42778394677003884,0.0008795585311974416,40,,,,,False,794141,25135,738019,30987,3.1650550720841766,92.93299300753897,3.90195192037686
3,1.8577596711513003,0.00011852604486622221,59,,,,,False,794141,458082,162,335897,57.682703701231894,0.0203994001065302,42.29689689866157
4,2.131373809760928,0.00029110519961044856,19,,,,,False,794141,431357,33209,329575,54.31743229476881,4.181751099615811,41.50081660561538
5,0.7034899216775544,0.00037381801866358396,36,1618.7243163404055,40368.177500654994,1.0,615716.0,True,794141,295213,178425,320503,37.17387718301914,22.467672617331182,40.35845019964969
6,1.2502790410126547,0.0003621062261782377,41,,,,,False,794141,435859,15323,342959,54.88433414217374,1.9295062211874214,43.186159636638834
7,0.6068864934344921,0.00036293018368169634,28,1526.332010481933,36253.455118729136,1.0,575380.0,True,794141,271240,218761,304140,34.15514373392131,27.546871399411437,38.29798486666726
8,1.303353965277479,0.0008066583652537122,20,,,,,False,794141,142580,423984,227577,17.953990538204174,53.38900774547592,28.657001716319897
9,1.4313157645099457,0.0006331731119758382,12,1834.3266435978198,57312.2872989148,1.0,572773.0,True,794141,278932,221368,293841,35.12373747231285,27.87515063445912,37.00111189322803
10,2.3793003973068503,0.0006849538503060963,10,1729.8187949726391,68190.06686727997,1.0,540941.0,True,794141,296178,253200,244763,37.29539212809816,31.883506833169424,30.82110103873242
11,2.351038752205932,0.0006619878313599627,11,1757.3978586625035,72204.76616817345,1.0,575302.0,True,794141,316697,218839,258605,39.87919021936911,27.556693332796065,32.56411644783483
12,2.4520675397961895,0.0005838905727081188,11,1725.9548211272863,74548.38294074376,1.0,596930.0,True,794141,327899,197211,269031,41.28977096006881,24.833247496351404,33.876981543579795
13,1.8722757369263028,0.0005565850326436581,27,,,,,False,794141,425122,39179,329840,53.532307235113166,4.9335067702083135,41.53418599467852
14,0.928879478579218,0.0006994256660963986,27,,,,,False,794141,119891,492766,181484,15.096941223284027,62.05019007959544,22.852868697120538
15,1.6440036410038936,0.0007009954438827399,15,1871.965170152013,64350.212832413716,1.0,584133.0,True,794141,287453,210008,296680,36.196720733471764,26.444674182544407,37.358605083983825
16,1.5369523700546646,0.0004794190828027882,23,,,,,False,794141,420048,39656,334437,52.89337787622097,4.993571670521986,42.11305045325704
17,1.7379004124260173,0.0007944977289312444,14,1791.2499434823767,60582.20377128531,1.0,510883.0,True,794141,237792,283258,273091,29.94329722303722,35.66847700849093,34.38822576847185
18,1.0209129275552078,0.0004805864512413172,33,1792.6178031405097,50285.48471798028,1.0,627140.0,True,794141,304614,167001,322526,38.357672000312284,21.02913714315216,40.61319085653555
19,2.004643467778096,0.0008210725363482808,57,1981.269110553521,81755.71170737101,1.0,634719.0,True,794141,316097,159422,318622,39.80363688564121,20.074772615946035,40.12159049841275
20,2.0819254809323935,0.000974108873516301,56,1896.6139047152146,74647.55156658609,1.0,529217.0,True,794141,233797,264924,295420,29.44023794263235,33.35981897421239,37.199943083155254
21,2.077997102042524,0.0009980095802026617,60,1862.3098372648258,72431.61696180295,1.0,507222.0,True,794141,217836,286919,289386,27.430393343247612,36.129478266453944,36.44012839029845
22,2.0513079571942185,0.0007984913461320299,53,,,,,False,794141,341148,130452,322541,42.958114491003485,16.426805819117764,40.61507968987875
23,2.2142700444906365,0.0008965729712509286,51,2035.7388493291235,87764.98183457613,1.0,630028.0,True,794141,313978,164113,316050,39.53680769535888,20.66547376347525,39.797718541165864
24,2.222178162278554,0.0008992553915935697,55,2034.8014997551927,88169.24013387944,1.0,630972.0,True,794141,314597,163169,316375,39.61475355132149,20.546603185076705,39.8386432636018
25,2.26842487486872,0.0008875288657020634,51,,,,,False,794141,330773,144842,318526,41.6516714286254,18.238826606358316,40.109501965016285
26,2.2246620041150362,0.0008868731770658017,47,,,,,False,794141,321574,155694,316873,40.49331290035397,19.605334569050083,39.90135253059595
27,1.8625557693672188,0.0007792573117580628,49,1951.3861168418882,76616.4778349064,1.0,627363.0,True,794141,309533,166778,317830,38.977083414658104,21.00105648744996,40.02186009789194
28,1.9627855018194054,0.0009017739926111713,55,1901.0429169940267,73454.16194290516,1.0,552448.0,True,794141,250979,241693,301469,31.60383357615335,30.434519814491377,37.96164660935526
29,2.481602048997646,0.0007493229922289032,46,,,,,False,794141,422258,45626,326257,53.171665988785364,5.745327341114487,41.08300667010015
30,2.222549118009821,0.0009255200548934757,43,2027.8077270416934,85657.48375822602,1.0,606843.0,True,794141,295842,187298,311001,37.253082261210544,23.584980500943786,39.16193723784567
31,2.2447843020797857,0.0009493974159844223,43,2014.9555398196771,85123.69182206938,1.0,594069.0,True,794141,285697,200072,308372,35.97560131009481,25.193510976010558,38.83088771389463
32,2.2429016364061676,0.0009303161728256332,43,2025.7006850881935,86376.0473142949,1.0,608118.0,True,794141,297170,186023,310948,37.42030697319494,23.42442966677202,39.15526336003305
33,2.188310547135947,0.000939642740778623,44,2003.1624926403092,82916.51392584965,1.0,587435.0,True,794141,279692,206706,307743,35.21943836170151,26.028879002595257,38.75168263570323
34,2.3368255124425374,0.0008510209502692121,38,,,,,False,794141,358640,116624,318877,45.16074601361723,14.685553321135666,40.15370066524711
35,1.7875536939949572,0.0009255754366331012,51,1743.4541031530357,60883.13127394739,1.0,466152.0,True,794141,191221,327989,274931,24.078973381301306,41.30110396012799,34.61992265857071
36,2.481876426750013,0.0008566556538390147,34,,,,,False,794141,370958,107962,315221,46.7118559550508,13.5948150265507,39.693329018398494
37,2.151785461007266,0.0009926321453220747,40,1934.9748298872655,76302.47650197256,1.0,530560.0,True,794141,236320,263581,294240,29.75793971095813,33.19070542888479,37.051354860157076
38,1.931853199863306,0.000743621822580487,47,,,,,False,794141,349769,119874,324498,44.04368997445038,15.094800545495069,40.86150948005455
39,1.7165071688979523,0.0008436087315934543,52,1814.552573186485,63519.19345522027,1.0,517449.0,True,794141,225791,276692,291658,28.43210462625655,34.84167169306207,36.72622368068139
40,2.3078610208072354,0.0001281907020671063,43,,,,,False,794141,459220,1880,333041,57.82600319086912,0.23673377901405418,41.93726303011682
41,2.2022123669282436,0.0009495321718650674,42,2002.8972220855724,82744.04929235681,1.0,582207.0,True,794141,275948,211934,306259,34.74798555923948,26.687200383810932,38.56481405694959
42,2.1457963495116092,0.0009200690778241887,37,1994.155693553439,81315.56308653024,1.0,586882.0,True,794141,280214,207259,306668,35.285169762044774,26.098513991847796,38.61631624610743
43,2.403106537596118,0.0009570849310481107,45,2035.9330664936497,93122.47431050203,1.0,627826.0,True,794141,314561,166315,313265,39.61022035129782,20.94275449825661,39.447025150445576
44,2.3921204106136233,0.0008756885591010294,45,,,,,False,794141,358340,115310,320491,45.12296934675328,14.520091520271588,40.35693913297513
45,2.376311700483643,0.0009647894052396098,48,2014.0003236481498,91531.27278717683,1.0,618003.0,True,794141,305490,176138,312513,38.46797986755501,22.179688493605042,39.352331638839956
46,0.43531439420516305,0.0007621240673233312,54,,,,,False,794141,42361,700279,51501,5.334191283411887,88.1806883160547,6.485120400533406
47,1.981392468124926,0.0008322732500277396,39,1979.3045365457479,79075.53096619339,1.0,614950.0,True,794141,300866,179191,314084,37.88571550895873,22.564129040057118,39.55015545098414
48,2.3972957722721806,0.0009977228456328762,50,2003.5163896875126,90446.39783426315,1.0,599648.0,True,794141,290125,194493,309523,36.533184913006636,24.490990894564064,38.9758241924293
49,1.5537920463854287,0.0009096564983884395,32,,,,,False,794141,145035,410427,238679,18.26312959537412,51.68188016989427,30.054990234731616
50,2.4984456495842995,0.0006325411103649399,59,,,,,False,794141,451346,13002,329793,56.83449160791345,1.637240741883368,41.528267650203176
51,2.2734881234904365,0.0009560285345831447,42,2015.36595542084,86040.36670601851,1.0,595435.0,True,794141,287321,198706,308114,36.18009900005163,25.02150121955673,38.79839978039165
52,2.290791855678627,0.0009535905628011645,45,2025.610806658472,87488.16602513345,1.0,603806.0,True,794141,293638,190335,310168,36.97554968198343,23.96740629182979,39.05704402618679
53,2.1084577518282215,0.0009178711826682526,45,1974.7604481064677,80236.85245980257,1.0,582957.0,True,794141,275380,211184,307577,34.676461736643745,26.592758716651073,38.73077954670518
54,2.3127484855785054,0.0008713866841186237,49,,,,,False,794141,348154,125299,320688,43.84032558449948,15.777928604618072,40.38174581088245
55,1.202904053832837,0.0003010782642785969,36,,,,,False,794141,444861,5319,343961,56.017885992537856,0.6697803034977415,43.31233370396441
56,2.0369109132294594,0.0008195630312033316,57,,,,,False,794141,324690,149452,319999,40.885686546847474,18.81932805383427,40.29498539931826
57,0.8000902556805797,0.00047760344655207646,53,1591.6287887731905,38775.36995586464,1.0,515726.0,True,794141,232804,278415,282922,29.315197175312697,35.05863568308399,35.62616714160332
58,2.167039302194684,0.0009673415866449225,40,1969.1127119752844,79217.99569820885,1.0,556452.0,True,794141,255983,237689,300469,32.23394837944396,29.9303272340806,37.83572438647545
59,1.3666015815147918,0.0009013088103039989,48,,,,,False,794141,111737,483141,199263,14.070171417922007,60.8381886843772,25.091639897700784
60,2.4123813072143245,0.0007108224917570042,30,,,,,False,794141,413198,62302,318641,52.03081064949423,7.845206329858299,40.12398302064747
61,2.2677751239549884,0.0009767731412196029,42,1997.768912703895,84177.72165799218,1.0,577704.0,True,794141,273051,216437,304653,34.383188879556656,27.25422815343875,38.3625829670046
62,2.2862412835866928,0.0009405675781920153,46,2030.1001442648596,88248.67914533967,1.0,612915.0,True,794141,300979,181226,311936,37.899944720144155,22.820380763617543,39.2796745162383
63,1.9051928251309054,0.0008808890450327471,44,1900.989769882175,71478.86316484833,1.0,550269.0,True,794141,249535,243872,300734,31.4220018863149,30.708904338146496,37.8690937755386
64,2.1162693394069425,0.0009352388672909561,46,1964.5805215137484,79403.0021201447,1.0,571190.0,True,794141,266102,222951,305088,33.50815535276481,28.07448551327787,38.41735913395732
65,2.339882171644823,0.0008487825955281694,51,,,,,False,794141,365710,105196,323235,46.05101612937753,13.246514158065128,40.702469712557345
66,2.214867000829001,0.0007963759712010868,49,,,,,False,794141,372700,96296,325145,46.93121246730744,12.125806374434767,40.942981158257794
67,2.4312127517393587,0.0009343099644884393,56,,,,,False,794141,335802,139636,318703,42.28493428748799,17.583275514045997,40.131790198466014
68,2.020129692959832,0.0008981313873540145,46,1947.2535605239448,76836.47620181438,1.0,573260.0,True,794141,267306,220881,305954,33.65976570911211,27.813826511916652,38.52640777897124
69,2.258878958586806,0.000977092779876761,53,1989.177452200387,84501.72132125485,1.0,579900.0,True,794141,273264,214241,306636,34.41001031303006,26.97770295199467,38.61228673497528
70,1.8256670515799402,0.0008656654004090079,39,1860.2604020549225,67870.35902455535,1.0,535197.0,True,794141,238685,258944,296512,30.055745768068892,32.60680408139109,37.33745015054002
71,2.296721638371083,0.0009446942425746517,43,2010.2804147334257,88238.34006775139,1.0,610796.0,True,794141,299817,183345,310979,37.753623097157806,23.087209953899873,39.159166948942314
72,2.0717175675371284,0.0009556502776511951,41,1919.9059433334844,74939.99628288367,1.0,538173.0,True,794141,241320,255968,296853,30.387550825357213,32.23205954610076,37.380389628542034
73,2.2126920940202797,0.0009908497589354148,45,1974.0125205676418,80328.30503202733,1.0,552811.0,True,794141,252657,241330,300154,31.815131066145685,30.388810047586006,37.796058886268305
74,2.4405538759809575,0.0009141697416040254,47,,,,,False,794141,346238,129167,318736,43.59905860546175,16.2649957627172,40.13594563182105
75,2.3388302419042857,0.0008219402958006214,42,,,,,False,794141,376394,95096,322651,47.39636915862548,11.974699706978988,40.62893113439553
76,2.1501853269086295,0.0009584282596083452,44,1966.6896858817365,79384.2119723856,1.0,561323.0,True,794141,258899,232818,302424,32.60113758136149,29.316960086433014,38.081902332205495
77,2.2674349955452144,0.00044174841168996364,50,,,,,False,794141,458741,3683,331717,57.7656864461097,0.4637715468663625,41.77054200702394
78,2.3607781807389236,0.0008885368698700516,37,,,,,False,794141,341442,137251,315448,42.99513562453015,17.282951012477632,39.72191336299221
79,1.9660260302531232,0.0009209002318640358,23,1871.1253332905517,68144.08887380068,1.0,509954.0,True,794141,227317,284187,282637,28.62426193837115,35.78545875354629,35.590279308082565
80,2.1899599297150827,0.000778870960376608,41,,,,,False,794141,375624,94197,324320,47.29940904700803,11.861495628610033,40.839095324381944
81,2.223598222929694,0.000999507923327297,43,1972.6547552226768,80059.29900159195,1.0,547818.0,True,794141,249234,246323,298584,31.384099297228076,31.01753970642493,37.598360996347
82,2.261034588322412,0.0009457654972665617,40,2023.724942403151,85865.66171216099,1.0,598672.0,True,794141,290329,195469,308343,36.55887304647412,24.613890984094763,38.82723596943112
83,2.0953948766796646,0.0009443423890917012,39,1947.5612951550754,77009.35115977957,1.0,554190.0,True,794141,253802,239951,300388,31.959312011343073,30.215163302234743,37.825524686422185
84,2.299059343997811,0.00097676064935287,48,1982.4426331035838,86495.95795190323,1.0,589534.0,True,794141,281645,204607,307889,35.4653644629858,25.764568256770527,38.77006728024369
85,2.4199912775283754,0.000852920499943471,45,,,,,False,794141,374183,97853,322105,47.117955123838215,12.32186727545864,40.56017760070315
86,2.3738901021223384,0.0009002120470108968,41,,,,,False,794141,339925,137455,316761,42.80411161242147,17.308639145945115,39.88724924163341
87,2.13925954087817,0.0009320821109415518,36,1980.8608353069374,79902.8980773832,1.0,574174.0,True,794141,270510,219967,303664,34.063220511219036,27.698733600204502,38.23804588857646
88,2.039403604937283,0.0008741353124153447,34,1978.1926325097315,78604.75920157762,1.0,592503.0,True,794141,284583,201638,307920,35.83532395380669,25.390705177040353,38.773970869152954
89,2.451227876346273,0.00017786524655717006,47,,,,,False,794141,459456,2482,332203,57.85572083546876,0.31253895718770347,41.83174020734353
90,2.2622776927236257,0.0009636307135976517,55,1999.23195989246,85803.71205013378,1.0,592038.0,True,794141,282904,202103,309134,35.62390054159148,25.449259010679466,38.926840447729056
91,2.2466636755095677,0.0009477650964519924,43,2016.9130988197096,85338.63931020773,1.0,595788.0,True,794141,287131,198353,308657,36.15617377770447,24.977050674880154,38.866775547415386
92,2.3333800361699195,0.0009118435218616,40,,,,,False,794141,325262,154464,314415,40.95771405833473,19.45045023490791,39.591835706757365
93,2.1775117990583395,0.0009754968413314537,38,1968.2998842024,78887.06509424324,1.0,551119.0,True,794141,252407,243022,298712,31.78365051042573,30.60187044869866,37.614479040875615
94,2.489764688363282,0.000935026204749179,43,,,,,False,794141,341363,136737,316041,42.98518776892264,17.218226989917408,39.796585241159946
95,2.2902023110065146,0.0008366682830239649,46,,,,,False,794141,362902,108783,322456,45.69742652753101,13.698197171535028,40.604376300933964
96,2.2478896477073502,0.0008908595706826636,44,,,,,False,794141,323124,154737,316280,40.688492345817686,19.484827001754095,39.82668065242822
97,2.3890718476582005,0.0005780211029813116,42,,,,,False,794141,449467,15829,328845,56.59788375112228,1.9932228659646083,41.40889338291311
98,1.0357096736221891,0.0009593037622342912,52,,,,,False,794141,50127,652125,91889,6.31210326629654,82.11702959550004,11.570867138203417
99,2.1089560184127536,0.0008664002469723471,50,2004.6639836862478,84161.13747110398,1.0,625930.0,True,794141,309750,168211,316180,39.004408537023025,21.181503032836737,39.81408843014024
100,2.18200401460618,0.0009229531158493614,44,2011.303276139131,83800.23914015641,1.0,599030.0,True,794141,288912,195111,310118,36.38044125665342,24.56881082830379,39.05074791504279
101,2.342717062257612,0.0009406196501286925,59,1991.9252791866993,92048.26378481514,1.0,631047.0,True,794141,315054,163094,315993,39.67230000717757,20.53715901836072,39.79054097446171
102,2.226817178937275,0.000980168406133426,41,1991.2068030804523,81582.79624985451,1.0,563357.0,True,794141,261615,230784,301742,32.943142338703076,29.060834285095467,37.99602337620146
103,2.0702290195611304,0.0009518159281904458,48,1919.01815238065,75570.53052221469,1.0,543469.0,True,794141,244543,250672,298926,30.79339814969886,31.56517545372925,37.641426396571894
104,2.29856564740976,0.0009992193169189802,46,1973.3499357543922,84565.023351459,1.0,570699.0,True,794141,266942,223442,303757,33.613930019983854,28.13631332471186,38.24975665530428
105,2.145424316756835,0.0009078216471342543,40,2002.9322208515873,82557.32697598373,1.0,598877.0,True,794141,289222,195264,309655,36.41947714574616,24.5880769284044,38.99244592584944
106,2.238890952247693,0.0008947219281538903,43,2042.4014327746552,88588.48739698404,1.0,633893.0,True,794141,318566,160248,315327,40.11453885393148,20.178784372044763,39.706676774023755
107,2.0092826606488514,0.0008885321008403473,38,1952.2866107829718,76431.7372668743,1.0,574903.0,True,794141,269386,219238,305517,33.92168393270213,27.60693629972511,38.47137976757276
108,2.399133562916244,0.0009208509016006079,45,,,,,False,794141,334613,142639,316889,42.13521276448389,17.96141994935408,39.90336728616203
109,2.2344760214899173,0.0008601287633131687,43,,,,,False,794141,338585,136700,318856,42.63537583376252,17.213567867670854,40.15105629856663
110,2.445673793378564,0.0008188939716014376,49,,,,,False,794141,394817,74253,325071,49.71623427074034,9.350102815494981,40.933662913764685
111,2.1992383592809492,0.0009547556328518801,42,1997.1207265533433,82178.42457911128,1.0,577086.0,True,794141,271864,217055,305222,34.233719200998316,27.332048087178475,38.43423271182321
112,2.3054407088460245,0.0009808496246349898,47,1991.1045695757446,86447.09958190192,1.0,587519.0,True,794141,280206,206622,307313,35.284162384261734,26.018301535873352,38.69753607986491
113,2.241435935901379,0.000901263966440082,43,2040.4874457608912,88282.763757842,1.0,629597.0,True,794141,315019,164544,314578,39.667892729376774,20.719746241536452,39.61236102908677
114,2.368742935254568,0.00089731345520059,44,,,,,False,794141,342152,133812,318177,43.08454040277482,16.849904487993946,40.065555109231234
115,2.1279589779091914,0.000875615460508642,42,2013.5875160896062,84072.05808583292,1.0,620825.0,True,794141,306617,173316,314208,38.609894212740556,21.8243359806382,39.56576980662124
116,2.2705357414159275,0.0009244830485778615,41,2040.0767223813575,87954.47236070911,1.0,617592.0,True,794141,305766,176549,311826,38.50273440106983,22.231442527208646,39.26582307172152
117,1.9218337337633995,0.0009298513324929619,39,1863.4462455341309,68239.34607169432,1.0,510172.0,True,794141,221001,283969,289171,27.828937178662226,35.75800770895848,36.41305511237929
118,2.330139287730781,0.0008413137594494846,40,,,,,False,794141,364056,109530,320555,45.84274077273432,13.792261072026252,40.364998155239434
119,2.1737252373310856,0.0009099564682366756,45,2015.223652482431,84364.05584422083,1.0,607560.0,True,794141,295694,186581,311866,37.234445772224326,23.49469426713896,39.27085996063671
120,0.4803898278686749,0.0008804601317715103,54,,,,,False,794141,27034,732553,34554,3.404181373332947,92.24470213727788,4.351116489389164
121,2.262857662606717,0.000942315930769316,41,2027.1980760417396,86348.87788175316,1.0,602638.0,True,794141,293372,191503,309266,36.9420543706974,24.114483448153415,38.943462181149194
122,2.2455389425279626,0.000924712387969462,43,2030.42138924478,86907.3656177686,1.0,613058.0,True,794141,301233,181083,311825,37.93192896475563,22.80237388574573,39.26569714949864
123,2.273923371783275,0.0009280814348336589,41,2039.6372081901075,87883.45701249897,1.0,615717.0,True,794141,304249,178424,311468,38.31171038896116,22.467546695108297,39.22074291593054
124,2.3631103715470942,0.0009001455898717059,46,,,,,False,794141,340213,135486,318442,42.84037721261086,17.06069828909476,40.09892449829439
125,2.214218846542758,0.000925925308166534,41,2023.695043678569,84973.48437401469,1.0,603063.0,True,794141,293062,191078,310001,36.903018481604654,24.060966503429494,39.036015014965855
126,2.0792127854293545,0.0008605505530587187,37,1999.6042807263248,82057.4746527152,1.0,616947.0,True,794141,303848,177194,313099,38.26121557758635,22.312662360966126,39.42612206144753
127,2.2934427105817976,0.0003294059525460332,45,,,,,False,794141,458666,3650,331825,57.75624227939371,0.4596161135113286,41.78414160709496
128,2.420520899976069,0.0006358009920964477,44,,,,,False,794141,444352,21510,328279,55.95379158109203,2.7085870141448436,41.337621404763134
129,2.1646917820007663,0.0009666118551531413,43,1968.3556991988978,79451.83553372823,1.0,558231.0,True,794141,256808,235910,301423,32.3378342133198,29.706311599577408,37.955854187102794
130,2.320476081899129,0.0009223669689461478,38,2045.1268651824587,90098.4107746583,1.0,627372.0,True,794141,315334,166769,312038,39.70755822958392,20.999923187444043,39.29251858297204
131,1.4581324579264692,0.0009134015583863798,38,,,,,False,794141,123729,454524,215888,15.58023071469676,57.23467243222551,27.185096853077727
132,2.3388999006758495,0.0008909044452559172,41,,,,,False,794141,339021,138053,317067,42.69027792293812,17.383940635227248,39.92578144183464
133,2.2717324705425233,0.0009331771720473196,39,2035.7854394600133,87117.61979641947,1.0,609547.0,True,794141,299701,184594,309846,37.739016119303756,23.244486810276765,39.01649707041949
134,2.230092247995445,0.0009342869212739421,35,2021.7769202445725,84201.28822436073,1.0,594407.0,True,794141,288135,199734,306272,36.282599689475795,25.15094926467718,38.566451045847025
135,2.2784134790487918,0.0009103207901851867,36,2054.509779855677,88405.04799851782,1.0,624378.0,True,794141,313189,169763,311189,39.43745506150671,21.376934322746212,39.18561061574708
136,2.3129712509668203,0.0008817954524726786,34,,,,,False,794141,334448,146446,313247,42.11443559770872,18.44080585185754,39.44475855043374
137,2.4979580338925715,0.0009168155296538402,36,,,,,False,794141,346369,134936,312836,43.61555441665901,16.99144106651086,39.39300451683013
138,2.388031351635423,0.0008505005073522315,39,,,,,False,794141,367221,107323,319597,46.24128460814893,13.514350726130498,40.244364665720575
139,2.2715320420393432,0.000984935096765751,38,2008.9081697531396,83128.35590317348,1.0,568439.0,True,794141,266795,225702,301644,33.59541945322053,28.420897548420243,37.983682998359235
140,0.3093844269130408,0.0009343990208807504,33,,,,,False,794141,16943,757742,19456,2.1335002222527235,95.41655700939758,2.449942768349701
141,2.2133768497700577,0.0009102406914761503,57,2023.2555074011018,87028.4141668626,1.0,620850.0,True,794141,305980,173291,314870,38.52968175676612,21.821187925066205,39.64913031816768
142,2.12011683304667,0.0004020567892880564,41,,,,,False,794141,456783,4663,332695,57.51913073371102,0.5871753252885823,41.89369394100041
143,2.180383557835073,0.0009662630570809027,37,1976.9811895171317,79634.56162766086,1.0,558712.0,True,794141,258490,235429,300222,32.549635392203655,29.64574301037221,37.80462159742414
144,2.2596553742144843,0.00089774879159984,42,,,,,False,794141,320486,158565,315090,40.35630952186073,19.966857270938032,39.67683320720124
145,2.321241851608616,0.000529646354233991,39,,,,,False,794141,451323,13653,329165,56.831595396787215,1.7192161089781284,41.449188494234654
146,2.3724636990454195,0.0009463867975259195,40,2041.9028676654407,91505.90971622356,1.0,624078.0,True,794141,312505,170063,311573,39.35132426105692,21.414710989610157,39.23396474933293
147,2.4545760923356754,0.0009455620101681541,35,2065.296392171206,94050.31339819489,1.0,632599.0,True,794141,323316,161542,309283,40.71266941261061,20.341727728451247,38.94560285893815
148,2.433355590131989,0.0008759923426166843,30,,,,,False,794141,349630,135276,309235,44.02618678547008,17.034254622289996,38.93955859223991
149,2.4464969610943657,0.0009559683612713935,35,2058.9710744982467,93046.82727652717,1.0,624273.0,True,794141,316272,169868,308001,39.82567327464518,21.390156156148592,38.784170569206225
150,2.4703096475898043,0.0009647334286061577,32,2065.4159330393754,92274.99873059333,1.0,614922.0,True,794141,311183,179219,303739,39.1848550824098,22.567654862297754,38.24749005529245
151,2.4588215649852896,0.0009648060676593665,30,2051.7048161516514,90770.3543801501,1.0,606903.0,True,794141,306305,187238,300598,38.570606479202056,23.577425167570997,37.851968353226944
152,2.4549888142877276,0.0009658006381536448,31,2055.6714930667035,91074.12712594654,1.0,608762.0,True,794141,306746,185379,302016,38.62613817949205,23.343335755237423,38.03052606527053
153,2.469144156489351,0.000965345918444317,31,2060.101837616661,91691.95058089939,1.0,611371.0,True,794141,309179,182770,302192,38.93250694775865,23.01480467574398,38.05268837649737
154,2.4707638023688494,0.000986789758693641,31,2050.885734652789,90323.29165530823,1.0,596768.0,True,794141,297049,197373,299719,37.40507038422648,24.853646896457935,37.74128271931559
155,2.4575413214066275,0.0009916757821934912,31,2044.200767201034,89426.12832557005,1.0,591091.0,True,794141,292169,203050,298922,36.79056993657298,25.56850735574665,37.640922707680375
156,2.4519026235391665,0.0009736290006157773,31,2050.947227736139,90417.18793196818,1.0,602743.0,True,794141,301690,191398,301053,37.989475420611704,24.10126161475103,37.909262964637264
157,2.471992068226618,0.0009957826063376359,30,2041.1122106975615,89240.09208052326,1.0,587650.0,True,794141,290725,206491,296925,36.608738246734525,26.001805724676096,37.38945602858938
158,2.4699953204756513,0.0009978644381240583,30,2039.3681482533034,89013.128286839,1.0,585862.0,True,794141,289194,208279,296668,36.415951323505524,26.22695465918521,37.357094017309265
159,2.4553822103636174,0.00098014077835977,31,2049.146542248528,90125.77415602158,1.0,598819.0,True,794141,298492,195322,300327,37.58677615184205,24.59538041733143,37.817843430826514
160,2.465790361075374,0.0009840077122472458,28,2047.8899984536226,88535.91488561784,1.0,587231.0,True,794141,292516,206910,294715,36.834264947912274,26.05456713606274,37.11116791602499
161,2.4974060584758533,0.0009843421851792248,28,2047.9318111101957,89760.52989032729,1.0,591928.0,True,794141,297346,202213,294582,37.44246928442179,25.46311045519624,37.09442026038197
162,2.466932623655423,0.0009775621725235343,27,2043.699272858538,88312.9907802457,1.0,587594.0,True,794141,294209,206547,293385,37.0474512712478,26.00885736915737,36.94369135959483
163,2.458172509084468,0.000979342099086653,27,2040.282642935274,87865.3383804011,1.0,585099.0,True,794141,291935,209042,293164,36.7611041364191,26.323033315242505,36.91586254833839
164,2.4896005122574802,0.0009708830912070485,25,2032.0655007136836,87934.21458445421,1.0,585196.0,True,794141,296142,208945,289054,37.290858928074485,26.310818859623165,36.39832221230235
165,2.4249489237365816,0.0009858166252638533,32,2041.4002953150489,88864.65819988368,1.0,591955.0,True,794141,291323,202186,300632,36.68403973601665,25.45971055517849,37.85624970880486
166,2.4956447281583816,0.000970812138870524,28,2053.111244080203,90580.54336469356,1.0,600845.0,True,794141,304606,193296,296239,38.356664622529244,24.340261993776924,37.30307338369383
167,2.497117569360231,0.0009997563458242523,28,2040.6515579138372,88727.50143889883,1.0,581474.0,True,794141,288781,212667,292693,36.36394544545616,26.77950137318184,36.856553181362
168,2.4438071273683013,0.0009665241928142812,28,2049.31290145472,88861.01277306696,1.0,596049.0,True,794141,299310,198092,296739,37.68978053015774,24.944184974708524,37.36603449513374
169,2.444656660525574,0.0009681018340942325,28,2048.8718616972305,88792.31779031621,1.0,595121.0,True,794141,298557,199020,296564,37.59496109632924,25.06104079754099,37.34399810612977
170,2.424308534685424,0.0009632475454248787,31,2048.286942263385,89946.09827963836,1.0,605302.0,True,794141,303260,188839,302042,38.18717331053302,23.779026646401583,38.033800043065405
171,2.4241076591000907,0.0009670293850886655,31,2046.5073347026673,89683.02515163443,1.0,602602.0,True,794141,301007,191539,301595,37.903470542384795,24.119016648177087,37.977512809438124
172,2.4145090004806544,0.0009654077868365708,28,2042.1216663984385,87753.86148384478,1.0,592054.0,True,794141,295288,202087,296766,37.183321349735124,25.44724425511339,37.369434395151494
173,2.4201709066853474,0.0009602799166219042,29,2045.0131969184554,88925.20278016303,1.0,600310.0,True,794141,301079,193831,299231,37.91253694243214,24.407630383017626,37.67983267455024
174,2.4975011363811697,0.0009648907822918519,32,2065.5568317580137,93405.87201144741,1.0,619267.0,True,794141,315590,174874,303677,39.739794318641145,22.020522803884955,38.2396828774739
175,2.4951004324144272,0.0009679822855297163,32,2063.720771252092,93105.0612485224,1.0,616803.0,True,794141,313416,177338,303387,39.46603940610043,22.330795161060816,38.20316543283875
176,2.4953446541963538,0.0009761259651034211,32,2060.539422957208,92585.0909105719,1.0,611319.0,True,794141,308836,182822,302483,38.88931562531087,23.02135263133373,38.089331743355395
177,2.4940573722480615,0.0009608249522019323,32,2073.452357953972,93521.96337810914,1.0,621482.0,True,794141,317328,172659,304154,39.95864714200627,21.74160508020616,38.29974777778757
178,2.4038013955000794,0.0009538251778380844,32,2050.7402147156217,90147.86715927951,1.0,611034.0,True,794141,306606,183107,304428,38.60850906828888,23.057240464854477,38.33425046685664
179,2.389178232183425,0.000955121734099777,33,2050.0512009032004,89806.87530898878,1.0,609847.0,True,794141,304529,184294,305318,38.3469686113675,23.20671014341282,38.44632124521968
180,2.386739551412488,0.0009505313955256113,33,2051.48463925187,90004.80091856756,1.0,612663.0,True,794141,306768,181478,305895,38.62890846839541,22.852113163783258,38.51897836782133
181,2.498367061220611,0.0009563313959336573,33,2073.618929521212,94461.68570753095,1.0,627993.0,True,794141,322013,166148,305980,40.548592756198204,20.921725487035676,38.52968175676612
182,2.498252329243953,0.0009499080516106934,33,2075.6505178242037,94843.36719483543,1.0,632069.0,True,794141,325408,162072,306661,40.97609870287518,20.408466506577547,38.61543479054727
183,2.387329764266297,0.0009558268707793047,33,2049.017840460943,89676.90945334977,1.0,609011.0,True,794141,303816,185130,305195,38.257186066454196,23.311981121740345,38.43083281180546
184,2.4960037455038044,0.0009491456332892456,33,2075.463584427198,94788.55221053014,1.0,632148.0,True,794141,325401,161993,306747,40.97521724731502,20.39851865097004,38.62626410171494
185,2.4966731457097437,0.0009436385011546244,32,2072.5688465070493,94670.63229869453,1.0,632887.0,True,794141,326948,161254,305939,41.170018926110096,20.30546212826186,38.524518945628046
186,2.498073595893337,0.0009447052757942519,35,,,,,False,794141,330797,153863,309481,41.65469356197451,19.374770978957137,38.97053545906835
187,2.494336971922834,0.0009997154102588653,34,2051.191679567485,91866.27465838134,1.0,600361.0,True,794141,297976,193780,302385,37.52180028483607,24.401208349650755,38.07699136551318
188,2.4992503210412806,0.0009464948003239097,34,,,,,False,794141,328731,157184,308226,41.394538249504805,19.792958681141005,38.81250306935418
189,2.372790888047174,0.0009438982707347561,33,2050.4169711210147,89802.66380580275,1.0,614544.0,True,794141,308133,179597,306411,38.800792302626355,22.615253462546324,38.58395423482732
190,2.441104625844319,0.00023713538321208438,34,,,,,False,794141,452682,9379,332080,57.00272369768089,1.1810245283897947,41.81625177392932
191,2.4944135041444495,0.0009995938134703417,32,2049.3025212882785,90967.28133775873,1.0,595025.0,True,794141,295333,199116,299692,37.188987849764715,25.073129330937455,37.73788281929783
192,2.4959204634854557,0.0009780972709818561,35,2058.0968377739628,93786.26834886179,1.0,617866.0,True,794141,311857,176275,306009,39.269726660630795,22.196939838139578,38.533333501229635
193,2.498143865979075,0.000971432138231038,35,2061.4262730057594,94322.54548842218,1.0,622787.0,True,794141,316023,171354,306764,39.79431864114811,21.577276579348002,38.628404779503896
194,2.4091238801633565,0.0009537147934587204,34,2060.4351465759783,91174.70777628728,1.0,616891.0,True,794141,310008,177250,306883,39.03689647052602,22.319714005447395,38.64338952402659
195,2.3980433125119913,0.000947798419218084,35,2055.0888554717217,91376.42797420184,1.0,620840.0,True,794141,312486,173301,308354,39.3489317388222,21.822447147295,38.8286211138828
196,2.4988203351693303,0.0009388299837096381,35,,,,,False,794141,333920,150212,310009,42.047948664028176,18.91502894322293,39.037022392748895
197,2.4241174184433087,0.0009675733911462755,36,2057.0487256097285,91572.27155781741,1.0,613881.0,True,794141,306584,180260,307297,38.605738779385526,22.698739896315644,38.69552132429883
198,2.415837117420243,0.0009726220642968755,35,2049.0474122174182,90521.96251191753,1.0,606732.0,True,794141,301147,187409,305585,37.921099653587966,23.598957867683445,38.47994247872859
199,2.3758987868596058,0.000949164616009623,36,2050.295854688089,90563.60311281923,1.0,617400.0,True,794141,308636,176741,308764,38.86413118073491,22.25561959400157,38.880249225263526
